{
  "$schema": "https://raw.githubusercontent.com/grafana/grafana/master/docs/sources/developers/plugins/plugin.schema.json",
  "type": "datasource",
  "name": "Neo4j Datasource",
  "id": "kniepdennis-neo4j-datasource",
  "metrics": true,
  "backend": true,
  "alerting": true,
  "executable": "gpx_neo4j-datasource",
  "info": {
    "description": "Allows Neo4j to be used as a DataSource for Grafana",
    "author": {
      "name": "Dennis Kniep",
      "url": "https://github.com/denniskniep/grafana-datasource-plugin-neo4j"
    },
    "keywords": ["neo4j", "datasource", "graph"],
    "logos": {
      "small": "img/neo4j.png",
      "large": "img/neo4j.png"
    },
    "links": [
      {
        "name": "Website",
        "url": "https://github.com/denniskniep/grafana-datasource-plugin-neo4j"
      },
      {
        "name": "License",
        "url": "https://github.com/denniskniep/grafana-datasource-plugin-neo4j/blob/main/LICENSE"
      }
    ],
    "screenshots": [
      {
        "name": "DataSource Config Editor",
        "path": "img/DataSourceConfigEditor.png"
      },
      {
        "name": "DataSource Query Editor",
        "path": "img/DataSourceQueryEditor.png"
      }
    ],
    "version": "1.2.0",
    "updated": "2023-06-12"
  },
  "dependencies": {
    "grafanaDependency": ">=7.0.0",
    "plugins": []
  }
}
